Ejecutivo,Tipo de oferta,Tipo de persona,Familia de producto,Producto,Etapa,Monto de la oferta,Fecha de cierre,RFC,ID de la oferta,Fecha de creación,ID de la oferta del prospecto,Fecha de descarte,Fecha de ganado,SubEtapa,ID de la campaña,Tasa inicial de la oferta,CAT inicial de la oferta,Tasa de contratación,CAT de contratación,Fecha de vencimiento,Monto de la contratación,Monto del timbrado,Origen de la oferta,Folio,ID del promotor,ID de los promotores de apoyo,ID del promotor anterior,Motivo de descarte,Monto fijo de la oferta,Monto revolvente de la oferta,Monto fijo de la contratación,Monto revolvente de la contratación,ID de la familia de producto,Id del producto,Número de afiliación,Descripción de la oferta,Periodo,Número de línea,Plazo de la oferta,Plazo de la contratación
Ana López,Cliente,PF,Cuenta de Cheques,Cuenta Naranja Full,No contactado,100000,01/01/2025,ANAL810202B7D,OFR000001,16/11/2024,,,,,CMP002,8.45,12.05,,,22/12/2026,,160,Referido,F-2025-00001,PRM1001,,,,60000,40000,,,FAM001,PRD001,1000037,<p>Oferta de <b>Cuenta Naranja Full</b> (Cuenta de Cheques) para PF. Etapa actual: No contactado.</p>,18,1,24,
Carlos Ruiz,Prospecto,PFAE,Cuenta de Cheques,Cuenta Naranja Flex,No localizado aún,8019000,06/01/2025,CARL820303C4G,OFR000002,20/11/2024,POF000002,,,,CMP003,8.9,12.5,,,22/12/2027,,12830,Sucursal,F-2025-00002,PRM1002,,,,4811400,3207600,,,FAM001,PRD002,1000074,<p>Oferta de <b>Cuenta Naranja Flex</b> (Cuenta de Cheques) para PFAE. Etapa actual: No localizado aún.</p>,24,2,36,
María García,Cliente,PM,Inversión,Pagaré,Interesado,6038000,11/01/2025,MAR830404D1J,OFR000003,24/11/2024,,,,,CMP004,9.35,12.95,,,21/12/2028,,9660,Banca digital,F-2025-00003,PRM1003,PRM1003;PRM1007,,,3622800,2415200,,,FAM002,PRD014,1000111,<p>Oferta de <b>Pagaré</b> (Inversión) para PM. Etapa actual: Interesado.</p>,36,3,48,
Jorge Pérez,Prospecto,PF,Inversión,Fondos de inversión,En consideración,4057000,16/01/2025,JORG840505E8M,OFR000004,28/11/2024,POF000004,,,,CMP005,9.8,13.4,,,21/12/2029,,6491,Llamada en frío,F-2025-00004,PRM1004,,,,2434200,1622800,,,FAM002,PRD016,1000148,<p>Oferta de <b>Fondos de inversión</b> (Inversión) para PF. Etapa actual: En consideración.</p>,48,4,60,
Laura Méndez,Cliente,PFAE,Inversión,Mesa de dinero,Propuesta,2076000,21/01/2025,LAUR850606F5P,OFR000005,02/12/2024,,,,Propuesta enviada,CMP006,10.25,13.85,,,16/01/2026,,3321,Campaña,F-2025-00005,PRM1005,,PRM1006,,1245600,830400,,,FAM002,PRD017,1000185,<p>Oferta de <b>Mesa de dinero</b> (Inversión) para PFAE. Etapa actual: Propuesta.</p>,12,5,12,
Diego Torres,Prospecto,PM,Banca Electrónica,Banca en Línea,Instalación,9995000,26/01/2025,DIE860707G2S,OFR000006,06/12/2024,POF000006,,,Activación,CMP007,10.7,14.3,,,16/01/2027,,15992,Referido,F-2025-00006,PRM1006,PRM1003;PRM1007,,,5997000,3998000,,,FAM003,PRD018,1000222,<p>Oferta de <b>Banca en Línea</b> (Banca Electrónica) para PM. Etapa actual: Instalación.</p>,18,6,24,
Sofía Ramírez,Cliente,PF,Banca Electrónica,BE Web,Timbrado,8014000,31/01/2025,SOFÍ870808H9V,OFR000007,10/12/2024,,,31/01/2025,,CMP008,11.15,14.75,10.65,14.35,16/01/2028,8014000,12822,Sucursal,F-2025-00007,PRM1007,,,,4808400,3205600,4808400,3205600,FAM003,PRD024,1000259,<p>Oferta de <b>BE Web</b> (Banca Electrónica) para PF. Etapa actual: Timbrado.</p>,24,7,36,36
Luis Hernández,Prospecto,PFAE,Banca Electrónica,BE Empresarial,Descartado,6033000,05/02/2025,LUIS880909I6Y,OFR000008,14/12/2024,POF000008,05/02/2025,,,CMP009,11.6,15.2,,,15/01/2029,,9652,Banca digital,F-2025-00008,PRM1008,,,No califica,3619800,2413200,,,FAM003,PRD028,1000296,<p>Oferta de <b>BE Empresarial</b> (Banca Electrónica) para PFAE. Etapa actual: Descartado.</p>,36,8,48,
Paola Castro,Cliente,PM,Tarjeta de Crédito,Platinum,Descartado,4052000,10/02/2025,PAO891010J3B,OFR000009,18/12/2024,,10/02/2025,,,CMP010,12.05,15.65,,,15/01/2030,,6483,Llamada en frío,F-2025-00009,PRM1009,PRM1003;PRM1007,,Desistió,2431200,1620800,,,FAM004,PRD029,1000333,<p>Oferta de <b>Platinum</b> (Tarjeta de Crédito) para PM. Etapa actual: Descartado.</p>,48,9,60,
Miguel Díaz,Prospecto,PF,Tarjeta de Crédito,Gold,No contactado,2071000,15/02/2025,MIGU901111K0E,OFR000010,22/12/2024,POF000010,,,,CMP011,12.5,16.1,,,10/02/2026,,3313,Campaña,F-2025-00010,PRM1010,,PRM1002,,1242600,828400,,,FAM004,PRD031,1000370,<p>Oferta de <b>Gold</b> (Tarjeta de Crédito) para PF. Etapa actual: No contactado.</p>,12,10,12,
Ana López,Cliente,PFAE,Tarjeta de Crédito,Clásica,No localizado aún,9990000,20/02/2025,ANAL911212L7H,OFR000011,26/12/2024,,,,,CMP012,8.0,11.6,,,10/02/2027,,15984,Referido,F-2025-00011,PRM1001,,,,5994000,3996000,,,FAM004,PRD032,1000407,<p>Oferta de <b>Clásica</b> (Tarjeta de Crédito) para PFAE. Etapa actual: No localizado aún.</p>,18,11,24,
Carlos Ruiz,Prospecto,PM,Tarjeta de Crédito,Tarjeta Clásica,Interesado,8009000,25/02/2025,CAR920113M4K,OFR000012,30/12/2024,POF000012,,,,CMP013,8.45,12.05,,,10/02/2028,,12814,Sucursal,F-2025-00012,PRM1002,PRM1003;PRM1007,,,4805400,3203600,,,FAM004,PRD036,1000444,<p>Oferta de <b>Tarjeta Clásica</b> (Tarjeta de Crédito) para PM. Etapa actual: Interesado.</p>,24,12,36,
María García,Cliente,PF,Crédito Hipotecario,Adquisición Casa,Propuesta,6028000,02/03/2025,MARÍ930214N1N,OFR000013,03/01/2025,,,,Propuesta enviada,CMP014,8.9,12.5,,,09/02/2029,,9644,Banca digital,F-2025-00013,PRM1003,,,,3616800,2411200,,,FAM005,PRD037,1000481,<p>Oferta de <b>Adquisición Casa</b> (Crédito Hipotecario) para PF. Etapa actual: Propuesta.</p>,36,13,48,
Jorge Pérez,Prospecto,PFAE,Crédito Hipotecario,Construcción,Contratación,4047000,07/03/2025,JORG940315O8Q,OFR000014,07/01/2025,POF000014,,,Fondeo,CMP015,9.35,12.95,,,09/02/2030,,6475,Llamada en frío,F-2025-00014,PRM1004,,,,2428200,1618800,,,FAM005,PRD040,1000518,<p>Oferta de <b>Construcción</b> (Crédito Hipotecario) para PFAE. Etapa actual: Contratación.</p>,48,14,60,
Laura Méndez,Cliente,PM,Crédito Hipotecario,Liquidez,Timbrado,2066000,12/03/2025,LAU950416P5T,OFR000015,11/01/2025,,,12/03/2025,,CMP001,9.8,13.4,9.3,13.0,07/03/2026,2066000,3305,Campaña,F-2025-00015,PRM1005,PRM1003;PRM1007,PRM1007,,1239600,826400,1239600,826400,FAM005,PRD041,1000555,<p>Oferta de <b>Liquidez</b> (Crédito Hipotecario) para PM. Etapa actual: Timbrado.</p>,12,15,12,12
Diego Torres,Prospecto,PF,Crédito Comercial,Crédito Simple (ACS),Descartado,9985000,17/03/2025,DIEG960517Q2W,OFR000016,15/01/2025,POF000016,17/03/2025,,,CMP002,10.25,13.85,,,07/03/2027,,15976,Referido,F-2025-00016,PRM1006,,,Competencia,5991000,3994000,,,FAM006,PRD044,1000592,<p>Oferta de <b>Crédito Simple (ACS)</b> (Crédito Comercial) para PF. Etapa actual: Descartado.</p>,18,16,24,
Sofía Ramírez,Cliente,PFAE,Crédito Comercial,Regiocrédito,No contactado,8004000,22/03/2025,SOFÍ970618R9Z,OFR000017,19/01/2025,,,,,CMP003,10.7,14.3,,,06/03/2028,,12806,Sucursal,F-2025-00017,PRM1007,,,,4802400,3201600,,,FAM006,PRD045,1000629,<p>Oferta de <b>Regiocrédito</b> (Crédito Comercial) para PFAE. Etapa actual: No contactado.</p>,24,17,36,
Luis Hernández,Prospecto,PM,Crédito Comercial,Arrendamiento Puro,No localizado aún,6023000,27/03/2025,LUI980719S6C,OFR000018,23/01/2025,POF000018,,,,CMP004,11.15,14.75,,,06/03/2029,,9636,Banca digital,F-2025-00018,PRM1008,PRM1003;PRM1007,,,3613800,2409200,,,FAM006,PRD051,1000666,<p>Oferta de <b>Arrendamiento Puro</b> (Crédito Comercial) para PM. Etapa actual: No localizado aún.</p>,36,18,48,
Paola Castro,Cliente,PF,Crédito Comercial,Crédito Negocios Uno,Interesado,4042000,01/04/2025,PAOL990820T3F,OFR000019,27/01/2025,,,,,CMP005,11.6,15.2,,,06/03/2030,,6467,Llamada en frío,F-2025-00019,PRM1009,,,,2425200,1616800,,,FAM006,PRD056,1000703,<p>Oferta de <b>Crédito Negocios Uno</b> (Crédito Comercial) para PF. Etapa actual: Interesado.</p>,48,19,60,
Miguel Díaz,Prospecto,PFAE,Crédito Auto,Autoregio,No localizado aún,2061000,06/04/2025,MIGU800921U0I,OFR000020,31/01/2025,POF000020,,,,CMP006,12.05,15.65,,,01/04/2026,,3297,Campaña,F-2025-00020,PRM1010,,PRM1003,,1236600,824400,,,FAM007,PRD058,1000740,<p>Oferta de <b>Autoregio</b> (Crédito Auto) para PFAE. Etapa actual: No localizado aún.</p>,12,20,12,
Ana López,Cliente,PM,Crédito Auto,Auto Nuevo,Interesado,9980000,11/04/2025,ANA811022V7L,OFR000021,04/02/2025,,,,,CMP007,12.5,16.1,,,01/04/2027,,15968,Referido,F-2025-00021,PRM1001,PRM1003;PRM1007,,,5988000,3992000,,,FAM007,PRD060,1000777,<p>Oferta de <b>Auto Nuevo</b> (Crédito Auto) para PM. Etapa actual: Interesado.</p>,18,21,24,
Carlos Ruiz,Prospecto,PF,Crédito Personal,Regiopréstamo,Contratación,7999000,16/04/2025,CARL821123W4O,OFR000022,08/02/2025,POF000022,,,Fondeo,CMP008,8.0,11.6,,,31/03/2028,,12798,Sucursal,F-2025-00022,PRM1002,,,,4799400,3199600,,,FAM008,PRD065,1000814,<p>Oferta de <b>Regiopréstamo</b> (Crédito Personal) para PF. Etapa actual: Contratación.</p>,24,22,36,
María García,Cliente,PFAE,Pagos en Comunidad,TPV,Timbrado,6018000,21/04/2025,MARÍ831224X1R,OFR000023,12/02/2025,,,21/04/2025,,CMP009,8.45,12.05,7.95,11.65,31/03/2029,6018000,9628,Banca digital,F-2025-00023,PRM1003,,,,3610800,2407200,3610800,2407200,FAM009,PRD066,1000851,<p>Oferta de <b>TPV</b> (Pagos en Comunidad) para PFAE. Etapa actual: Timbrado.</p>,36,23,48,48
Jorge Pérez,Prospecto,PM,Pagos en Comunidad,E-commerce,Descartado,4037000,26/04/2025,JOR840125Y8U,OFR000024,16/02/2025,POF000024,26/04/2025,,,CMP010,8.9,12.5,,,31/03/2030,,6459,Llamada en frío,F-2025-00024,PRM1004,PRM1003;PRM1007,,Desistió,2422200,1614800,,,FAM009,PRD068,1000888,<p>Oferta de <b>E-commerce</b> (Pagos en Comunidad) para PM. Etapa actual: Descartado.</p>,48,24,60,
Laura Méndez,Cliente,PF,Seguros,Auto,Autorización,2056000,01/05/2025,LAUR850226Z5X,OFR000025,20/02/2025,,,,Comité de crédito,CMP011,9.35,12.95,,,26/04/2026,,3289,Campaña,F-2025-00025,PRM1005,,PRM1008,,1233600,822400,,,FAM010,PRD073,1000925,<p>Oferta de <b>Auto</b> (Seguros) para PF. Etapa actual: Autorización.</p>,12,25,12,
Diego Torres,Prospecto,PFAE,Seguros,Vida,Timbrado,9975000,06/05/2025,DIEG860327A2A,OFR000026,24/02/2025,POF000026,,06/05/2025,,CMP012,9.8,13.4,9.3,13.0,26/04/2027,9975000,15960,Referido,F-2025-00026,PRM1006,,,,5985000,3990000,5985000,3990000,FAM010,PRD074,1000962,<p>Oferta de <b>Vida</b> (Seguros) para PFAE. Etapa actual: Timbrado.</p>,18,26,24,24
Sofía Ramírez,Cliente,PM,Seguros,Seguro Hogar,Descartado,7994000,11/05/2025,SOF870401B9D,OFR000027,28/02/2025,,11/05/2025,,,CMP013,10.25,13.85,,,25/04/2028,,12790,Sucursal,F-2025-00027,PRM1007,PRM1003;PRM1007,,Sin respuesta,4796400,3197600,,,FAM010,PRD078,1000999,<p>Oferta de <b>Seguro Hogar</b> (Seguros) para PM. Etapa actual: Descartado.</p>,24,27,36,
Luis Hernández,Prospecto,PF,Nómina,Portabilidad de nómina,En consideración,6013000,16/05/2025,LUIS880502C6G,OFR000028,04/03/2025,POF000028,,,,CMP014,10.7,14.3,,,25/04/2029,,9620,Banca digital,F-2025-00028,PRM1008,,,,3607800,2405200,,,FAM011,PRD082,1001036,<p>Oferta de <b>Portabilidad de nómina</b> (Nómina) para PF. Etapa actual: En consideración.</p>,36,28,48,
Paola Castro,Cliente,PFAE,Servicios,Avalúos,Demostración,4032000,21/05/2025,PAOL890603D3J,OFR000029,08/03/2025,,,,Demo agendada,CMP015,11.15,14.75,,,25/04/2030,,6451,Llamada en frío,F-2025-00029,PRM1009,,,,2419200,1612800,,,FAM012,PRD085,1001073,<p>Oferta de <b>Avalúos</b> (Servicios) para PFAE. Etapa actual: Demostración.</p>,48,29,60,
Miguel Díaz,Prospecto,PM,Servicios,Divisas,Instalación,2051000,26/05/2025,MIG900704E0M,OFR000030,12/03/2025,POF000030,,,Activación,CMP001,11.6,15.2,,,21/05/2026,,3281,Campaña,F-2025-00030,PRM1010,PRM1003;PRM1007,PRM1004,,1230600,820400,,,FAM012,PRD086,1001110,<p>Oferta de <b>Divisas</b> (Servicios) para PM. Etapa actual: Instalación.</p>,12,30,12,
Ana López,Cliente,PF,Cuenta de Cheques,Cuenta Naranja Full,En consideración,9970000,31/05/2025,ANAL910805F7P,OFR000031,16/03/2025,,,,,CMP002,12.05,15.65,,,21/05/2027,,15952,Referido,F-2025-00031,PRM1001,,,,5982000,3988000,,,FAM001,PRD001,1001147,<p>Oferta de <b>Cuenta Naranja Full</b> (Cuenta de Cheques) para PF. Etapa actual: En consideración.</p>,18,31,24,
Carlos Ruiz,Prospecto,PFAE,Cuenta de Cheques,Cuenta Naranja Flex,Análisis de crédito,7989000,05/06/2025,CARL920906G4S,OFR000032,20/03/2025,POF000032,,,Buró consultado,CMP003,12.5,16.1,,,20/05/2028,,12782,Sucursal,F-2025-00032,PRM1002,,,,4793400,3195600,,,FAM001,PRD002,1001184,<p>Oferta de <b>Cuenta Naranja Flex</b> (Cuenta de Cheques) para PFAE. Etapa actual: Análisis de crédito.</p>,24,32,36,
María García,Cliente,PM,Inversión,Pagaré,No contactado,6008000,10/06/2025,MAR931007H1V,OFR000033,24/03/2025,,,,,CMP004,8.0,11.6,,,20/05/2029,,9612,Banca digital,F-2025-00033,PRM1003,PRM1003;PRM1007,,,3604800,2403200,,,FAM002,PRD014,1001221,<p>Oferta de <b>Pagaré</b> (Inversión) para PM. Etapa actual: No contactado.</p>,36,33,48,
Jorge Pérez,Prospecto,PF,Inversión,Fondos de inversión,No localizado aún,4027000,15/06/2025,JORG941108I8Y,OFR000034,28/03/2025,POF000034,,,,CMP005,8.45,12.05,,,20/05/2030,,6443,Llamada en frío,F-2025-00034,PRM1004,,,,2416200,1610800,,,FAM002,PRD016,1001258,<p>Oferta de <b>Fondos de inversión</b> (Inversión) para PF. Etapa actual: No localizado aún.</p>,48,34,60,
Laura Méndez,Cliente,PFAE,Inversión,Mesa de dinero,Interesado,2046000,20/06/2025,LAUR951209J5B,OFR000035,01/04/2025,,,,,CMP006,8.9,12.5,,,15/06/2026,,3273,Campaña,F-2025-00035,PRM1005,,PRM1009,,1227600,818400,,,FAM002,PRD017,1001295,<p>Oferta de <b>Mesa de dinero</b> (Inversión) para PFAE. Etapa actual: Interesado.</p>,12,35,12,
Diego Torres,Prospecto,PM,Banca Electrónica,Banca en Línea,En consideración,9965000,25/06/2025,DIE960110K2E,OFR000036,05/04/2025,POF000036,,,,CMP007,9.35,12.95,,,15/06/2027,,15944,Referido,F-2025-00036,PRM1006,PRM1003;PRM1007,,,5979000,3986000,,,FAM003,PRD018,1001332,<p>Oferta de <b>Banca en Línea</b> (Banca Electrónica) para PM. Etapa actual: En consideración.</p>,18,36,24,
Sofía Ramírez,Cliente,PF,Banca Electrónica,BE Web,Demostración,7984000,30/06/2025,SOFÍ970211L9H,OFR000037,09/04/2025,,,,Demo agendada,CMP008,9.8,13.4,,,14/06/2028,,12774,Sucursal,F-2025-00037,PRM1007,,,,4790400,3193600,,,FAM003,PRD024,1001369,<p>Oferta de <b>BE Web</b> (Banca Electrónica) para PF. Etapa actual: Demostración.</p>,24,37,36,
Luis Hernández,Prospecto,PFAE,Banca Electrónica,BE Empresarial,Instalación,6003000,05/07/2025,LUIS980312M6K,OFR000038,13/04/2025,POF000038,,,Activación,CMP009,10.25,13.85,,,14/06/2029,,9604,Banca digital,F-2025-00038,PRM1008,,,,3601800,2401200,,,FAM003,PRD028,1001406,<p>Oferta de <b>BE Empresarial</b> (Banca Electrónica) para PFAE. Etapa actual: Instalación.</p>,36,38,48,
Paola Castro,Cliente,PM,Tarjeta de Crédito,Platinum,Interesado,4022000,10/07/2025,PAO990413N3N,OFR000039,17/04/2025,,,,,CMP010,10.7,14.3,,,14/06/2030,,6435,Llamada en frío,F-2025-00039,PRM1009,PRM1003;PRM1007,,,2413200,1608800,,,FAM004,PRD029,1001443,<p>Oferta de <b>Platinum</b> (Tarjeta de Crédito) para PM. Etapa actual: Interesado.</p>,48,39,60,
Miguel Díaz,Prospecto,PF,Tarjeta de Crédito,Gold,En consideración,2041000,15/07/2025,MIGU800514O0Q,OFR000040,31/05/2025,POF000040,,,,CMP011,11.15,14.75,,,10/07/2026,,3265,Campaña,F-2025-00040,PRM1010,,PRM1005,,1224600,816400,,,FAM004,PRD031,1001480,<p>Oferta de <b>Gold</b> (Tarjeta de Crédito) para PF. Etapa actual: En consideración.</p>,12,40,12,
Ana López,Cliente,PFAE,Tarjeta de Crédito,Clásica,Análisis de crédito,9960000,20/07/2025,ANAL810615P7T,OFR000041,04/06/2025,,,,Documentación recibida,CMP012,11.6,15.2,,,10/07/2027,,15936,Referido,F-2025-00041,PRM1001,,,,5976000,3984000,,,FAM004,PRD032,1001517,<p>Oferta de <b>Clásica</b> (Tarjeta de Crédito) para PFAE. Etapa actual: Análisis de crédito.</p>,18,41,24,
Carlos Ruiz,Prospecto,PM,Tarjeta de Crédito,Tarjeta Clásica,Propuesta,7979000,25/07/2025,CAR820716Q4W,OFR000042,08/06/2025,POF000042,,,En revisión del cliente,CMP013,12.05,15.65,,,09/07/2028,,12766,Sucursal,F-2025-00042,PRM1002,PRM1003;PRM1007,,,4787400,3191600,,,FAM004,PRD036,1001554,<p>Oferta de <b>Tarjeta Clásica</b> (Tarjeta de Crédito) para PM. Etapa actual: Propuesta.</p>,24,42,36,
María García,Cliente,PF,Crédito Hipotecario,Adquisición Casa,Interesado,5998000,30/07/2025,MARÍ830817R1Z,OFR000043,12/06/2025,,,,,CMP014,12.5,16.1,,,09/07/2029,,9596,Banca digital,F-2025-00043,PRM1003,,,,3598800,2399200,,,FAM005,PRD037,1001591,<p>Oferta de <b>Adquisición Casa</b> (Crédito Hipotecario) para PF. Etapa actual: Interesado.</p>,36,43,48,
Jorge Pérez,Prospecto,PFAE,Crédito Hipotecario,Construcción,En consideración,4017000,04/08/2025,JORG840918S8C,OFR000044,16/06/2025,POF000044,,,,CMP015,8.0,11.6,,,09/07/2030,,6427,Llamada en frío,F-2025-00044,PRM1004,,,,2410200,1606800,,,FAM005,PRD040,1001628,<p>Oferta de <b>Construcción</b> (Crédito Hipotecario) para PFAE. Etapa actual: En consideración.</p>,48,44,60,
Laura Méndez,Cliente,PM,Crédito Hipotecario,Liquidez,Propuesta,2036000,09/08/2025,LAU851019T5F,OFR000045,20/06/2025,,,,Propuesta enviada,CMP001,8.45,12.05,,,04/08/2026,,3257,Campaña,F-2025-00045,PRM1005,PRM1003;PRM1007,PRM1001,,1221600,814400,,,FAM005,PRD041,1001665,<p>Oferta de <b>Liquidez</b> (Crédito Hipotecario) para PM. Etapa actual: Propuesta.</p>,12,45,12,
Diego Torres,Prospecto,PF,Crédito Comercial,Crédito Simple (ACS),Instalación,9955000,14/08/2025,DIEG861120U2I,OFR000046,24/06/2025,POF000046,,,Activación,CMP002,8.9,12.5,,,04/08/2027,,15928,Referido,F-2025-00046,PRM1006,,,,5973000,3982000,,,FAM006,PRD044,1001702,<p>Oferta de <b>Crédito Simple (ACS)</b> (Crédito Comercial) para PF. Etapa actual: Instalación.</p>,18,46,24,
Sofía Ramírez,Cliente,PFAE,Crédito Comercial,Regiocrédito,Timbrado,7974000,19/08/2025,SOFÍ871221V9L,OFR000047,28/06/2025,,,19/08/2025,,CMP003,9.35,12.95,8.85,12.55,03/08/2028,7974000,12758,Sucursal,F-2025-00047,PRM1007,,,,4784400,3189600,4784400,3189600,FAM006,PRD045,1001739,<p>Oferta de <b>Regiocrédito</b> (Crédito Comercial) para PFAE. Etapa actual: Timbrado.</p>,24,47,36,36
Luis Hernández,Prospecto,PM,Crédito Comercial,Arrendamiento Puro,Descartado,5993000,24/08/2025,LUI880122W6O,OFR000048,02/07/2025,POF000048,24/08/2025,,,CMP004,9.8,13.4,,,03/08/2029,,9588,Banca digital,F-2025-00048,PRM1008,PRM1003;PRM1007,,No califica,3595800,2397200,,,FAM006,PRD051,1001776,<p>Oferta de <b>Arrendamiento Puro</b> (Crédito Comercial) para PM. Etapa actual: Descartado.</p>,36,48,48,
Paola Castro,Cliente,PF,Crédito Comercial,Crédito Negocios Uno,No contactado,4012000,29/08/2025,PAOL890223X3R,OFR000049,06/07/2025,,,,,CMP005,10.25,13.85,,,03/08/2030,,6419,Llamada en frío,F-2025-00049,PRM1009,,,,2407200,1604800,,,FAM006,PRD056,1001813,<p>Oferta de <b>Crédito Negocios Uno</b> (Crédito Comercial) para PF. Etapa actual: No contactado.</p>,48,49,60,
Miguel Díaz,Prospecto,PFAE,Crédito Auto,Autoregio,Análisis de crédito,2031000,03/09/2025,MIGU900324Y0U,OFR000050,10/07/2025,POF000050,,,Buró consultado,CMP006,10.7,14.3,,,29/08/2026,,3249,Campaña,F-2025-00050,PRM1010,,PRM1006,,1218600,812400,,,FAM007,PRD058,1001850,<p>Oferta de <b>Autoregio</b> (Crédito Auto) para PFAE. Etapa actual: Análisis de crédito.</p>,12,50,12,
Ana López,Cliente,PM,Crédito Auto,Auto Nuevo,Propuesta,9950000,08/09/2025,ANA910425Z7X,OFR000051,14/07/2025,,,,Propuesta enviada,CMP007,11.15,14.75,,,29/08/2027,,15920,Referido,F-2025-00051,PRM1001,PRM1003;PRM1007,,,5970000,3980000,,,FAM007,PRD060,1001887,<p>Oferta de <b>Auto Nuevo</b> (Crédito Auto) para PM. Etapa actual: Propuesta.</p>,18,51,24,
Carlos Ruiz,Prospecto,PF,Crédito Personal,Regiopréstamo,En consideración,7969000,13/09/2025,CARL920526A4A,OFR000052,18/07/2025,POF000052,,,,CMP008,11.6,15.2,,,28/08/2028,,12750,Sucursal,F-2025-00052,PRM1002,,,,4781400,3187600,,,FAM008,PRD065,1001924,<p>Oferta de <b>Regiopréstamo</b> (Crédito Personal) para PF. Etapa actual: En consideración.</p>,24,52,36,
María García,Cliente,PFAE,Pagos en Comunidad,TPV,Demostración,5988000,18/09/2025,MARÍ930627B1D,OFR000053,22/07/2025,,,,Demo agendada,CMP009,12.05,15.65,,,28/08/2029,,9580,Banca digital,F-2025-00053,PRM1003,,,,3592800,2395200,,,FAM009,PRD066,1001961,<p>Oferta de <b>TPV</b> (Pagos en Comunidad) para PFAE. Etapa actual: Demostración.</p>,36,53,48,
Jorge Pérez,Prospecto,PM,Pagos en Comunidad,E-commerce,Instalación,4007000,23/09/2025,JOR940701C8G,OFR000054,26/07/2025,POF000054,,,Activación,CMP010,12.5,16.1,,,28/08/2030,,6411,Llamada en frío,F-2025-00054,PRM1004,PRM1003;PRM1007,,,2404200,1602800,,,FAM009,PRD068,1001998,<p>Oferta de <b>E-commerce</b> (Pagos en Comunidad) para PM. Etapa actual: Instalación.</p>,48,54,60,
Laura Méndez,Cliente,PF,Seguros,Auto,No contactado,2026000,28/09/2025,LAUR950802D5J,OFR000055,30/07/2025,,,,,CMP011,8.0,11.6,,,23/09/2026,,3241,Campaña,F-2025-00055,PRM1005,,PRM1002,,1215600,810400,,,FAM010,PRD073,1002035,<p>Oferta de <b>Auto</b> (Seguros) para PF. Etapa actual: No contactado.</p>,12,55,12,
Diego Torres,Prospecto,PFAE,Seguros,Vida,No localizado aún,9945000,03/10/2025,DIEG960903E2M,OFR000056,03/08/2025,POF000056,,,,CMP012,8.45,12.05,,,23/09/2027,,15912,Referido,F-2025-00056,PRM1006,,,,5967000,3978000,,,FAM010,PRD074,1002072,<p>Oferta de <b>Vida</b> (Seguros) para PFAE. Etapa actual: No localizado aún.</p>,18,56,24,
Sofía Ramírez,Cliente,PM,Seguros,Seguro Hogar,Interesado,7964000,08/10/2025,SOF971004F9P,OFR000057,07/08/2025,,,,,CMP013,8.9,12.5,,,22/09/2028,,12742,Sucursal,F-2025-00057,PRM1007,PRM1003;PRM1007,,,4778400,3185600,,,FAM010,PRD078,1002109,<p>Oferta de <b>Seguro Hogar</b> (Seguros) para PM. Etapa actual: Interesado.</p>,24,57,36,
Luis Hernández,Prospecto,PF,Nómina,Portabilidad de nómina,No localizado aún,5983000,13/10/2025,LUIS981105G6S,OFR000058,11/08/2025,POF000058,,,,CMP014,9.35,12.95,,,22/09/2029,,9572,Banca digital,F-2025-00058,PRM1008,,,,3589800,2393200,,,FAM011,PRD082,1002146,<p>Oferta de <b>Portabilidad de nómina</b> (Nómina) para PF. Etapa actual: No localizado aún.</p>,36,58,48,
Paola Castro,Cliente,PFAE,Servicios,Avalúos,Interesado,4002000,18/10/2025,PAOL991206H3V,OFR000059,15/08/2025,,,,,CMP015,9.8,13.4,,,22/09/2030,,6403,Llamada en frío,F-2025-00059,PRM1009,,,,2401200,1600800,,,FAM012,PRD085,1002183,<p>Oferta de <b>Avalúos</b> (Servicios) para PFAE. Etapa actual: Interesado.</p>,48,59,60,
Miguel Díaz,Prospecto,PM,Servicios,Divisas,En consideración,2021000,23/10/2025,MIG800107I0Y,OFR000060,19/08/2025,POF000060,,,,CMP001,10.25,13.85,,,18/10/2026,,3233,Campaña,F-2025-00060,PRM1010,PRM1003;PRM1007,PRM1007,,1212600,808400,,,FAM012,PRD086,1002220,<p>Oferta de <b>Divisas</b> (Servicios) para PM. Etapa actual: En consideración.</p>,12,60,12,
Ana López,Cliente,PF,Cuenta de Cheques,Cuenta Naranja Full,Autorización,9940000,28/10/2025,ANAL810208J7B,OFR000061,23/08/2025,,,,Comité de crédito,CMP002,10.7,14.3,,,18/10/2027,,15904,Referido,F-2025-00061,PRM1001,,,,5964000,3976000,,,FAM001,PRD001,1002257,<p>Oferta de <b>Cuenta Naranja Full</b> (Cuenta de Cheques) para PF. Etapa actual: Autorización.</p>,18,61,24,
Carlos Ruiz,Prospecto,PFAE,Cuenta de Cheques,Cuenta Naranja Flex,Timbrado,7959000,02/11/2025,CARL820309K4E,OFR000062,27/08/2025,POF000062,,02/11/2025,,CMP003,11.15,14.75,10.65,14.35,17/10/2028,7959000,12734,Sucursal,F-2025-00062,PRM1002,,,,4775400,3183600,4775400,3183600,FAM001,PRD002,1002294,<p>Oferta de <b>Cuenta Naranja Flex</b> (Cuenta de Cheques) para PFAE. Etapa actual: Timbrado.</p>,24,62,36,36
María García,Cliente,PM,Inversión,Pagaré,Timbrado,5978000,07/11/2025,MAR830410L1H,OFR000063,31/08/2025,,,07/11/2025,,CMP004,11.6,15.2,11.1,14.8,17/10/2029,5978000,9564,Banca digital,F-2025-00063,PRM1003,PRM1003;PRM1007,,,3586800,2391200,3586800,2391200,FAM002,PRD014,1002331,<p>Oferta de <b>Pagaré</b> (Inversión) para PM. Etapa actual: Timbrado.</p>,36,63,48,48
Jorge Pérez,Prospecto,PF,Inversión,Fondos de inversión,Descartado,3997000,12/11/2025,JORG840511M8K,OFR000064,04/09/2025,POF000064,12/11/2025,,,CMP005,12.05,15.65,,,17/10/2030,,6395,Llamada en frío,F-2025-00064,PRM1004,,,Desistió,2398200,1598800,,,FAM002,PRD016,1002368,<p>Oferta de <b>Fondos de inversión</b> (Inversión) para PF. Etapa actual: Descartado.</p>,48,64,60,
Laura Méndez,Cliente,PFAE,Inversión,Mesa de dinero,No contactado,2016000,17/11/2025,LAUR850612N5N,OFR000065,08/09/2025,,,,,CMP006,12.5,16.1,,,12/11/2026,,3225,Campaña,F-2025-00065,PRM1005,,PRM1003,,1209600,806400,,,FAM002,PRD017,1002405,<p>Oferta de <b>Mesa de dinero</b> (Inversión) para PFAE. Etapa actual: No contactado.</p>,12,65,12,
Diego Torres,Prospecto,PM,Banca Electrónica,Banca en Línea,No localizado aún,9935000,22/11/2025,DIE860713O2Q,OFR000066,12/09/2025,POF000066,,,,CMP007,8.0,11.6,,,12/11/2027,,15896,Referido,F-2025-00066,PRM1006,PRM1003;PRM1007,,,5961000,3974000,,,FAM003,PRD018,1002442,<p>Oferta de <b>Banca en Línea</b> (Banca Electrónica) para PM. Etapa actual: No localizado aún.</p>,18,66,24,
Sofía Ramírez,Cliente,PF,Banca Electrónica,BE Web,Interesado,7954000,27/11/2025,SOFÍ870814P9T,OFR000067,16/09/2025,,,,,CMP008,8.45,12.05,,,11/11/2028,,12726,Sucursal,F-2025-00067,PRM1007,,,,4772400,3181600,,,FAM003,PRD024,1002479,<p>Oferta de <b>BE Web</b> (Banca Electrónica) para PF. Etapa actual: Interesado.</p>,24,67,36,
Luis Hernández,Prospecto,PFAE,Banca Electrónica,BE Empresarial,En consideración,5973000,02/12/2025,LUIS880915Q6W,OFR000068,20/09/2025,POF000068,,,,CMP009,8.9,12.5,,,11/11/2029,,9556,Banca digital,F-2025-00068,PRM1008,,,,3583800,2389200,,,FAM003,PRD028,1002516,<p>Oferta de <b>BE Empresarial</b> (Banca Electrónica) para PFAE. Etapa actual: En consideración.</p>,36,68,48,
Paola Castro,Cliente,PM,Tarjeta de Crédito,Platinum,Propuesta,3992000,07/12/2025,PAO891016R3Z,OFR000069,24/09/2025,,,,Propuesta enviada,CMP010,9.35,12.95,,,11/11/2030,,6387,Llamada en frío,F-2025-00069,PRM1009,PRM1003;PRM1007,,,2395200,1596800,,,FAM004,PRD029,1002553,<p>Oferta de <b>Platinum</b> (Tarjeta de Crédito) para PM. Etapa actual: Propuesta.</p>,48,69,60,
Miguel Díaz,Prospecto,PF,Tarjeta de Crédito,Gold,Autorización,2011000,12/12/2025,MIGU901117S0C,OFR000070,28/09/2025,POF000070,,,Autorizado,CMP011,9.8,13.4,,,07/12/2026,,3217,Campaña,F-2025-00070,PRM1010,,PRM1008,,1206600,804400,,,FAM004,PRD031,1002590,<p>Oferta de <b>Gold</b> (Tarjeta de Crédito) para PF. Etapa actual: Autorización.</p>,12,70,12,
Ana López,Cliente,PFAE,Tarjeta de Crédito,Clásica,Timbrado,9930000,17/12/2025,ANAL911218T7F,OFR000071,02/10/2025,,,17/12/2025,,CMP012,10.25,13.85,9.75,13.45,07/12/2027,9930000,15888,Referido,F-2025-00071,PRM1001,,,,5958000,3972000,5958000,3972000,FAM004,PRD032,1002627,<p>Oferta de <b>Clásica</b> (Tarjeta de Crédito) para PFAE. Etapa actual: Timbrado.</p>,18,71,24,24
Carlos Ruiz,Prospecto,PM,Tarjeta de Crédito,Tarjeta Clásica,Descartado,7949000,22/12/2025,CAR920119U4I,OFR000072,06/10/2025,POF000072,22/12/2025,,,CMP013,10.7,14.3,,,06/12/2028,,12718,Sucursal,F-2025-00072,PRM1002,PRM1003;PRM1007,,Sin respuesta,4769400,3179600,,,FAM004,PRD036,1002664,<p>Oferta de <b>Tarjeta Clásica</b> (Tarjeta de Crédito) para PM. Etapa actual: Descartado.</p>,24,72,36,
María García,Cliente,PF,Crédito Hipotecario,Adquisición Casa,No contactado,5968000,27/12/2025,MARÍ930220V1L,OFR000073,10/10/2025,,,,,CMP014,11.15,14.75,,,06/12/2029,,9548,Banca digital,F-2025-00073,PRM1003,,,,3580800,2387200,,,FAM005,PRD037,1002701,<p>Oferta de <b>Adquisición Casa</b> (Crédito Hipotecario) para PF. Etapa actual: No contactado.</p>,36,73,48,
Jorge Pérez,Prospecto,PFAE,Crédito Hipotecario,Construcción,No localizado aún,3987000,01/01/2026,JORG940321W8O,OFR000074,14/10/2025,POF000074,,,,CMP015,11.6,15.2,,,06/12/2030,,6379,Llamada en frío,F-2026-00074,PRM1004,,,,2392200,1594800,,,FAM005,PRD040,1002738,<p>Oferta de <b>Construcción</b> (Crédito Hipotecario) para PFAE. Etapa actual: No localizado aún.</p>,48,74,60,
Laura Méndez,Cliente,PM,Crédito Hipotecario,Liquidez,Interesado,2006000,06/01/2026,LAU950422X5R,OFR000075,18/10/2025,,,,,CMP001,12.05,15.65,,,01/01/2027,,3209,Campaña,F-2026-00075,PRM1005,PRM1003;PRM1007,PRM1004,,1203600,802400,,,FAM005,PRD041,1002775,<p>Oferta de <b>Liquidez</b> (Crédito Hipotecario) para PM. Etapa actual: Interesado.</p>,12,75,12,
Diego Torres,Prospecto,PF,Crédito Comercial,Crédito Simple (ACS),En consideración,9925000,11/01/2026,DIEG960523Y2U,OFR000076,22/10/2025,POF000076,,,,CMP002,12.5,16.1,,,01/01/2028,,15880,Referido,F-2026-00076,PRM1006,,,,5955000,3970000,,,FAM006,PRD044,1002812,<p>Oferta de <b>Crédito Simple (ACS)</b> (Crédito Comercial) para PF. Etapa actual: En consideración.</p>,18,76,24,
Sofía Ramírez,Cliente,PFAE,Crédito Comercial,Regiocrédito,Demostración,7944000,16/01/2026,SOFÍ970624Z9X,OFR000077,26/10/2025,,,,Demo agendada,CMP003,8.0,11.6,,,31/12/2028,,12710,Sucursal,F-2026-00077,PRM1007,,,,4766400,3177600,,,FAM006,PRD045,1002849,<p>Oferta de <b>Regiocrédito</b> (Crédito Comercial) para PFAE. Etapa actual: Demostración.</p>,24,77,36,
Luis Hernández,Prospecto,PM,Crédito Comercial,Arrendamiento Puro,Instalación,5963000,21/01/2026,LUI980725A6A,OFR000078,30/10/2025,POF000078,,,Activación,CMP004,8.45,12.05,,,31/12/2029,,9540,Banca digital,F-2026-00078,PRM1008,PRM1003;PRM1007,,,3577800,2385200,,,FAM006,PRD051,1002886,<p>Oferta de <b>Arrendamiento Puro</b> (Crédito Comercial) para PM. Etapa actual: Instalación.</p>,36,78,48,
Paola Castro,Cliente,PF,Crédito Comercial,Crédito Negocios Uno,Timbrado,3982000,26/01/2026,PAOL990826B3D,OFR000079,03/11/2025,,,26/01/2026,,CMP005,8.9,12.5,8.4,12.1,31/12/2030,3982000,6371,Llamada en frío,F-2026-00079,PRM1009,,,,2389200,1592800,2389200,1592800,FAM006,PRD056,1002923,<p>Oferta de <b>Crédito Negocios Uno</b> (Crédito Comercial) para PF. Etapa actual: Timbrado.</p>,48,79,60,60
Miguel Díaz,Prospecto,PFAE,Crédito Auto,Autoregio,Timbrado,2001000,31/01/2026,MIGU800927C0G,OFR000080,17/12/2025,POF000080,,31/01/2026,,CMP006,9.35,12.95,8.85,12.55,26/01/2027,2001000,3201,Campaña,F-2026-00080,PRM1010,,PRM1009,,1200600,800400,1200600,800400,FAM007,PRD058,1002960,<p>Oferta de <b>Autoregio</b> (Crédito Auto) para PFAE. Etapa actual: Timbrado.</p>,12,80,12,12
Ana López,Cliente,PM,Crédito Auto,Auto Nuevo,Descartado,9920000,05/02/2026,ANA811001D7J,OFR000081,21/12/2025,,05/02/2026,,,CMP007,9.8,13.4,,,26/01/2028,,15872,Referido,F-2026-00081,PRM1001,PRM1003;PRM1007,,Competencia,5952000,3968000,,,FAM007,PRD060,1002997,<p>Oferta de <b>Auto Nuevo</b> (Crédito Auto) para PM. Etapa actual: Descartado.</p>,18,81,24,
Carlos Ruiz,Prospecto,PF,Crédito Personal,Regiopréstamo,No localizado aún,7939000,10/02/2026,CARL821102E4M,OFR000082,25/12/2025,POF000082,,,,CMP008,10.25,13.85,,,25/01/2029,,12702,Sucursal,F-2026-00082,PRM1002,,,,4763400,3175600,,,FAM008,PRD065,1003034,<p>Oferta de <b>Regiopréstamo</b> (Crédito Personal) para PF. Etapa actual: No localizado aún.</p>,24,82,36,
María García,Cliente,PFAE,Pagos en Comunidad,TPV,Interesado,5958000,15/02/2026,MARÍ831203F1P,OFR000083,29/12/2025,,,,,CMP009,10.7,14.3,,,25/01/2030,,9532,Banca digital,F-2026-00083,PRM1003,,,,3574800,2383200,,,FAM009,PRD066,1003071,<p>Oferta de <b>TPV</b> (Pagos en Comunidad) para PFAE. Etapa actual: Interesado.</p>,36,83,48,
Jorge Pérez,Prospecto,PM,Pagos en Comunidad,E-commerce,En consideración,3977000,20/02/2026,JOR840104G8S,OFR000084,02/01/2026,POF000084,,,,CMP010,11.15,14.75,,,25/01/2031,,6363,Llamada en frío,F-2026-00084,PRM1004,PRM1003;PRM1007,,,2386200,1590800,,,FAM009,PRD068,1003108,<p>Oferta de <b>E-commerce</b> (Pagos en Comunidad) para PM. Etapa actual: En consideración.</p>,48,84,60,
Laura Méndez,Cliente,PF,Seguros,Auto,En consideración,1996000,25/02/2026,LAUR850205H5V,OFR000085,06/01/2026,,,,,CMP011,11.6,15.2,,,20/02/2027,,3193,Campaña,F-2026-00085,PRM1005,,PRM1005,,1197600,798400,,,FAM010,PRD073,1003145,<p>Oferta de <b>Auto</b> (Seguros) para PF. Etapa actual: En consideración.</p>,12,85,12,
Diego Torres,Prospecto,PFAE,Seguros,Vida,Análisis de crédito,9915000,02/03/2026,DIEG860306I2Y,OFR000086,10/01/2026,POF000086,,,Buró consultado,CMP012,12.05,15.65,,,20/02/2028,,15864,Referido,F-2026-00086,PRM1006,,,,5949000,3966000,,,FAM010,PRD074,1003182,<p>Oferta de <b>Vida</b> (Seguros) para PFAE. Etapa actual: Análisis de crédito.</p>,18,86,24,
Sofía Ramírez,Cliente,PM,Seguros,Seguro Hogar,Propuesta,7934000,07/03/2026,SOF870407J9B,OFR000087,14/01/2026,,,,Propuesta enviada,CMP013,12.5,16.1,,,19/02/2029,,12694,Sucursal,F-2026-00087,PRM1007,PRM1003;PRM1007,,,4760400,3173600,,,FAM010,PRD078,1003219,<p>Oferta de <b>Seguro Hogar</b> (Seguros) para PM. Etapa actual: Propuesta.</p>,24,87,36,
Luis Hernández,Prospecto,PF,Nómina,Portabilidad de nómina,Descartado,5953000,12/03/2026,LUIS880508K6E,OFR000088,18/01/2026,POF000088,12/03/2026,,,CMP014,8.0,11.6,,,19/02/2030,,9524,Banca digital,F-2026-00088,PRM1008,,,No califica,3571800,2381200,,,FAM011,PRD082,1003256,<p>Oferta de <b>Portabilidad de nómina</b> (Nómina) para PF. Etapa actual: Descartado.</p>,36,88,48,
Paola Castro,Cliente,PFAE,Servicios,Avalúos,No contactado,3972000,17/03/2026,PAOL890609L3H,OFR000089,22/01/2026,,,,,CMP015,8.45,12.05,,,19/02/2031,,6355,Llamada en frío,F-2026-00089,PRM1009,,,,2383200,1588800,,,FAM012,PRD085,1003293,<p>Oferta de <b>Avalúos</b> (Servicios) para PFAE. Etapa actual: No contactado.</p>,48,89,60,
Miguel Díaz,Prospecto,PM,Servicios,Divisas,No localizado aún,1991000,22/03/2026,MIG900710M0K,OFR000090,26/01/2026,POF000090,,,,CMP001,8.9,12.5,,,17/03/2027,,3185,Campaña,F-2026-00090,PRM1010,PRM1003;PRM1007,PRM1001,,1194600,796400,,,FAM012,PRD086,1003330,<p>Oferta de <b>Divisas</b> (Servicios) para PM. Etapa actual: No localizado aún.</p>,12,90,12,
Ana López,Cliente,PF,Cuenta de Cheques,Cuenta Naranja Full,No contactado,9910000,27/03/2026,ANAL910811N7N,OFR000091,30/01/2026,,,,,CMP002,9.35,12.95,,,16/03/2028,,15856,Referido,F-2026-00091,PRM1001,,,,5946000,3964000,,,FAM001,PRD001,1003367,<p>Oferta de <b>Cuenta Naranja Full</b> (Cuenta de Cheques) para PF. Etapa actual: No contactado.</p>,18,91,24,
Carlos Ruiz,Prospecto,PFAE,Cuenta de Cheques,Cuenta Naranja Flex,No localizado aún,7929000,01/04/2026,CARL920912O4Q,OFR000092,03/02/2026,POF000092,,,,CMP003,9.8,13.4,,,16/03/2029,,12686,Sucursal,F-2026-00092,PRM1002,,,,4757400,3171600,,,FAM001,PRD002,1003404,<p>Oferta de <b>Cuenta Naranja Flex</b> (Cuenta de Cheques) para PFAE. Etapa actual: No localizado aún.</p>,24,92,36,
María García,Cliente,PM,Inversión,Pagaré,Propuesta,5948000,06/04/2026,MAR931013P1T,OFR000093,07/02/2026,,,,Propuesta enviada,CMP004,10.25,13.85,,,16/03/2030,,9516,Banca digital,F-2026-00093,PRM1003,PRM1003;PRM1007,,,3568800,2379200,,,FAM002,PRD014,1003441,<p>Oferta de <b>Pagaré</b> (Inversión) para PM. Etapa actual: Propuesta.</p>,36,93,48,
Jorge Pérez,Prospecto,PF,Inversión,Fondos de inversión,Contratación,3967000,11/04/2026,JORG941114Q8W,OFR000094,11/02/2026,POF000094,,,Fondeo,CMP005,10.7,14.3,,,16/03/2031,,6347,Llamada en frío,F-2026-00094,PRM1004,,,,2380200,1586800,,,FAM002,PRD016,1003478,<p>Oferta de <b>Fondos de inversión</b> (Inversión) para PF. Etapa actual: Contratación.</p>,48,94,60,
Laura Méndez,Cliente,PFAE,Inversión,Mesa de dinero,Timbrado,1986000,16/04/2026,LAUR951215R5Z,OFR000095,15/02/2026,,,16/04/2026,,CMP006,11.15,14.75,10.65,14.35,11/04/2027,1986000,3177,Campaña,F-2026-00095,PRM1005,,PRM1006,,1191600,794400,1191600,794400,FAM002,PRD017,1003515,<p>Oferta de <b>Mesa de dinero</b> (Inversión) para PFAE. Etapa actual: Timbrado.</p>,12,95,12,12
Diego Torres,Prospecto,PM,Banca Electrónica,Banca en Línea,Descartado,9905000,21/04/2026,DIE960116S2C,OFR000096,19/02/2026,POF000096,21/04/2026,,,CMP007,11.6,15.2,,,10/04/2028,,15848,Referido,F-2026-00096,PRM1006,PRM1003;PRM1007,,Competencia,5943000,3962000,,,FAM003,PRD018,1003552,<p>Oferta de <b>Banca en Línea</b> (Banca Electrónica) para PM. Etapa actual: Descartado.</p>,18,96,24,
Sofía Ramírez,Cliente,PF,Banca Electrónica,BE Web,No contactado,7924000,26/04/2026,SOFÍ970217T9F,OFR000097,23/02/2026,,,,,CMP008,12.05,15.65,,,10/04/2029,,12678,Sucursal,F-2026-00097,PRM1007,,,,4754400,3169600,,,FAM003,PRD024,1003589,<p>Oferta de <b>BE Web</b> (Banca Electrónica) para PF. Etapa actual: No contactado.</p>,24,97,36,
Luis Hernández,Prospecto,PFAE,Banca Electrónica,BE Empresarial,No localizado aún,5943000,01/05/2026,LUIS980318U6I,OFR000098,27/02/2026,POF000098,,,,CMP009,12.5,16.1,,,10/04/2030,,9508,Banca digital,F-2026-00098,PRM1008,,,,3565800,2377200,,,FAM003,PRD028,1003626,<p>Oferta de <b>BE Empresarial</b> (Banca Electrónica) para PFAE. Etapa actual: No localizado aún.</p>,36,98,48,
Paola Castro,Cliente,PM,Tarjeta de Crédito,Platinum,Descartado,3962000,06/05/2026,PAO990419V3L,OFR000099,03/03/2026,,06/05/2026,,,CMP010,8.0,11.6,,,10/04/2031,,6339,Llamada en frío,F-2026-00099,PRM1009,PRM1003;PRM1007,,Desistió,2377200,1584800,,,FAM004,PRD029,1003663,<p>Oferta de <b>Platinum</b> (Tarjeta de Crédito) para PM. Etapa actual: Descartado.</p>,48,99,60,
Miguel Díaz,Prospecto,PF,Tarjeta de Crédito,Gold,No contactado,1981000,11/05/2026,MIGU800520W0O,OFR000100,07/03/2026,POF000100,,,,CMP011,8.45,12.05,,,06/05/2027,,3169,Campaña,F-2026-00100,PRM1010,,PRM1002,,1188600,792400,,,FAM004,PRD031,1003700,<p>Oferta de <b>Gold</b> (Tarjeta de Crédito) para PF. Etapa actual: No contactado.</p>,12,100,12,
