ID del producto,Nombre del producto,ID de la familia de producto,Persona física sin actividad empresarial,Persona moral,Persona física con actividad empresarial
PRD001,Cuenta Naranja Full,FAM001,TRUE,TRUE,TRUE
PRD002,Cuenta Naranja Flex,FAM001,TRUE,TRUE,TRUE
PRD003,Cuenta Naranja Negocios Full,FAM001,TRUE,TRUE,TRUE
PRD004,Cuenta Naranja Negocios Flex,FAM001,TRUE,TRUE,TRUE
PRD005,Otra cuenta,FAM001,TRUE,TRUE,TRUE
PRD006,Colección TDD,FAM001,TRUE,TRUE,TRUE
PRD007,Cuenta Naranja Lite,FAM001,TRUE,TRUE,TRUE
PRD008,Cuenta Naranja Digital,FAM001,TRUE,TRUE,TRUE
PRD009,Cuenta Naranja Dólares,FAM001,TRUE,TRUE,TRUE
PRD010,Cuenta Naranja Lite +,FAM001,TRUE,TRUE,TRUE
PRD011,Tarjeta Exchange,FAM001,TRUE,TRUE,TRUE
PRD012,Cuenta Negocios Plus,FAM001,TRUE,TRUE,TRUE
PRD013,Cuenta Flex Digital,FAM001,TRUE,TRUE,TRUE
PRD014,Pagaré,FAM002,TRUE,TRUE,TRUE
PRD015,Cedes,FAM002,TRUE,TRUE,TRUE
PRD016,Fondos de inversión,FAM002,TRUE,TRUE,TRUE
PRD017,Mesa de dinero,FAM002,TRUE,TRUE,TRUE
PRD018,Banca en Línea,FAM003,TRUE,TRUE,TRUE
PRD019,BE Lite,FAM003,TRUE,TRUE,TRUE
PRD020,TDC en Línea,FAM003,TRUE,TRUE,TRUE
PRD021,Comercio en Línea,FAM003,TRUE,TRUE,TRUE
PRD022,Comunidad,FAM003,TRUE,TRUE,TRUE
PRD023,Token Móvil,FAM003,TRUE,TRUE,TRUE
PRD024,BE Web,FAM003,TRUE,TRUE,TRUE
PRD025,Asesoría Digital,FAM003,TRUE,TRUE,TRUE
PRD026,Token Físico,FAM003,TRUE,TRUE,TRUE
PRD027,BE Avanzada,FAM003,TRUE,TRUE,TRUE
PRD028,BE Empresarial,FAM003,TRUE,TRUE,TRUE
PRD029,Platinum,FAM004,TRUE,TRUE,TRUE
PRD030,Más,FAM004,TRUE,TRUE,TRUE
PRD031,Gold,FAM004,TRUE,TRUE,TRUE
PRD032,Clásica,FAM004,TRUE,TRUE,TRUE
PRD033,Colección TDC,FAM004,TRUE,TRUE,TRUE
PRD034,Acceso Gold,FAM004,TRUE,TRUE,TRUE
PRD035,Básica,FAM004,TRUE,TRUE,TRUE
PRD036,Tarjeta Clásica,FAM004,TRUE,TRUE,TRUE
PRD037,Adquisición Casa,FAM005,TRUE,TRUE,TRUE
PRD038,Adquisición Terreno,FAM005,TRUE,TRUE,TRUE
PRD039,Sustitución Hipoteca,FAM005,TRUE,TRUE,TRUE
PRD040,Construcción,FAM005,TRUE,TRUE,TRUE
PRD041,Liquidez,FAM005,TRUE,TRUE,TRUE
PRD042,Remodelación,FAM005,TRUE,TRUE,TRUE
PRD043,Hipoteca Vertical,FAM005,TRUE,TRUE,TRUE
PRD044,Crédito Simple (ACS),FAM006,TRUE,TRUE,TRUE
PRD045,Regiocrédito,FAM006,TRUE,TRUE,TRUE
PRD046,Crédito en cuenta corriente (ACCC),FAM006,TRUE,TRUE,TRUE
PRD047,Carta de Crédito (CCI),FAM006,TRUE,TRUE,TRUE
PRD048,Préstamo Quirografario,FAM006,TRUE,TRUE,TRUE
PRD049,Refaccionario,FAM006,TRUE,TRUE,TRUE
PRD050,Habilitación o Avío,FAM006,TRUE,TRUE,TRUE
PRD051,Arrendamiento Puro,FAM006,TRUE,TRUE,TRUE
PRD052,Arrendamiento Financiero,FAM006,TRUE,TRUE,TRUE
PRD053,Tarjeta Empresario,FAM006,TRUE,TRUE,TRUE
PRD054,Crédito Inmediato,FAM006,TRUE,TRUE,TRUE
PRD055,Crédito Puente,FAM006,TRUE,TRUE,TRUE
PRD056,Crédito Negocios Uno,FAM006,TRUE,TRUE,TRUE
PRD057,Crédito Negocios Plus,FAM006,TRUE,TRUE,TRUE
PRD058,Autoregio,FAM007,TRUE,TRUE,TRUE
PRD059,Arrendaregio,FAM007,TRUE,TRUE,TRUE
PRD060,Auto Nuevo,FAM007,TRUE,TRUE,TRUE
PRD061,Auto Seminuevo,FAM007,TRUE,TRUE,TRUE
PRD062,Moto,FAM007,TRUE,TRUE,TRUE
PRD063,Mi Crédito Fijo,FAM008,TRUE,TRUE,TRUE
PRD064,Mi Crédito Revolvente,FAM008,TRUE,TRUE,TRUE
PRD065,Regiopréstamo,FAM008,TRUE,TRUE,TRUE
PRD066,TPV,FAM009,TRUE,TRUE,TRUE
PRD067,Cargos Periódicos,FAM009,TRUE,TRUE,TRUE
PRD068,E-commerce,FAM009,TRUE,TRUE,TRUE
PRD069,Interredes,FAM009,TRUE,TRUE,TRUE
PRD070,Kiosko,FAM009,TRUE,TRUE,TRUE
PRD071,Paybox,FAM009,TRUE,TRUE,TRUE
PRD072,Kit,FAM009,TRUE,TRUE,TRUE
PRD073,Auto,FAM010,TRUE,TRUE,TRUE
PRD074,Vida,FAM010,TRUE,TRUE,TRUE
PRD075,Resto,FAM010,TRUE,TRUE,TRUE
PRD076,Negocios,FAM010,TRUE,TRUE,TRUE
PRD077,Seguro Cáncer,FAM010,TRUE,TRUE,TRUE
PRD078,Seguro Hogar,FAM010,TRUE,TRUE,TRUE
PRD079,Seguro Accidentes Personales,FAM010,TRUE,TRUE,TRUE
PRD080,Seguro Fraude y Clonación,FAM010,TRUE,TRUE,TRUE
PRD081,Seguro Negocio Flex,FAM010,TRUE,TRUE,TRUE
PRD082,Portabilidad de nómina,FAM011,TRUE,TRUE,TRUE
PRD083,Contratación de nómina,FAM011,TRUE,TRUE,TRUE
PRD084,Dispersión de nómina,FAM011,TRUE,TRUE,TRUE
PRD085,Avalúos,FAM012,TRUE,TRUE,TRUE
PRD086,Divisas,FAM012,TRUE,TRUE,TRUE
PRD087,Fiduciario,FAM012,TRUE,TRUE,TRUE
PRD088,Derivados,FAM012,TRUE,TRUE,TRUE
PRD089,Depósitos en tu empresa,FAM012,TRUE,TRUE,TRUE
PRD090,Pagos Empresariales,FAM012,TRUE,TRUE,TRUE
PRD091,Depósitos Referenciados,FAM012,TRUE,TRUE,TRUE
PRD092,Activación de Cheques,FAM012,TRUE,TRUE,TRUE
PRD093,TDCE EMP,FAM013,TRUE,TRUE,TRUE
PRD094,Crédito Simple (ACS),FAM014,TRUE,TRUE,TRUE
PRD095,TPV Electrónico,FAM015,TRUE,TRUE,TRUE
PRD096,TDCE,FAM016,TRUE,TRUE,TRUE
PRD097,Arrendamiento,FAM017,TRUE,TRUE,TRUE
PRD098,Factoraje,FAM018,TRUE,TRUE,TRUE
PRD099,BE Lite,FAM019,TRUE,TRUE,TRUE
PRD100,Notas,FAM020,TRUE,TRUE,TRUE
PRD101,Arrendamiento negocios,FAM021,TRUE,TRUE,TRUE
